CASE_REPORT_NO,OFFENSE,ORC,OCCURRED_ON,REPORTED_ON,BLOCK_BEGIN,BLOCK_END,STREET_NAME,DISTRICT,BEAT,REPORTING_AREA,NEIGHBORHOOD,UCR,THEFT_CODE,OCCURRED_YEAR,OCCURRED_MONTH,OCCURRED_DAY,OCCURRED_DAY_WK,OCCURRED_DAY_YR,OCCURRED_TIME,OCCURRED_HOUR,BLOCK_WHOLE
149021285,CRIMINAL DAMAGING/ENDANGERING,2909-06 (290) -CRIMINAL DAMAGING/ENDANGERING,2014-08-26 07:50,2014-08-26 13:56,,,,5,4,425,MOUNT AIRY,1407,,2014,8,26,1,238,13:56:00,13,__
149025838,FELONIOUS ASSAULT -(Aggravated Assault),2903-11 (13A) -FELONIOUS ASSAULT -(Aggravated Assault),2014-10-10 16:15,2014-10-10 16:25,,,,4,5,467,BONDHILL,401,,2014,10,10,4,283,16:25:00,16,__
149030024,IDENTITY FRAUD,2913-49 (26C) -IDENTITY FRAUD,2014-10-28 08:00,2014-11-24 16:59,6700,6799,CAMBRIDGE AV,Other,,,-,1151,,2014,11,24,0,328,16:59:00,16,6700_6799_CAMBRIDGE AV
159033748,CRIMINAL DAMAGING/ENDANGERING,2909-06 (290) -CRIMINAL DAMAGING/ENDANGERING,2015-12-17 08:20,2015-12-17 08:38,,,,2,2,131,OAKLEY,1407,,2015,12,17,3,351,08:38:00,8,__
159033502,THEFT -(All Other Larceny),2913-02 (23H) -THEFT -(All Other Larceny),2015-12-03 13:30,2015-12-14 14:11,6400,6499,COLERAIN AV,OTHER,,,-,600,23H-All Other Larceny,2015,12,14,0,348,14:11:00,14,6400_6499_COLERAIN AV
159019577,VIOLATE PROTECTION ORDER OR CONSENT AGREEMENT,2919-27 (90Z) -VIOLATE PROTECTION ORDER OR CONSENT AGREEMENT,2015-07-15 01:30,2015-07-25 18:01,9100,9199,DOMINION,Other,,,-,2709,,2015,7,25,5,206,18:01:00,18,9100_9199_DOMINION
169009943,AGGRAVATED MENACING,2903-21 (13C) -AGGRAVATED MENACING,2016-04-27 17:20,2016-04-27 17:20,,,,2,1,70,EVANSTON,802,,2016,4,27,2,118,17:20:00,17,__
149019616,CRIMINAL DAMAGING/ENDANGERING,2909-06 (290) -CRIMINAL DAMAGING/ENDANGERING,2014-08-11 00:45,2014-08-11 00:45,,,,4,2,66,WALNUT HILLS,1407,,2014,8,11,0,223,00:45:00,0,__
149027571,THEFT -(All Other Larceny),2913-02 (23H) -THEFT -(All Other Larceny),2014-10-27 12:00,2014-10-27 14:15,,,,5,2,355,CLIFTON,600,23H-All Other Larceny,2014,10,27,0,300,14:15:00,14,__
149003986,AGGRAVATED VEHICULAR HOMICIDE VEHICULAR HOMICIDE VEHICULAR MANSLAUGHTER,2903-06 (90Z) -AGGRAVATED VEHICULAR HOMICIDE VEHICULAR HOMICIDE VEHICULAR MANSLAUGHTER,2014-02-20 22:07,2014-02-20 22:08,,,,1,3,194,QUEENSGATE,150,,2014,2,20,3,51,22:08:00,22,__
159026090,THEFT -(All Other Larceny),2913-02 (23H) -THEFT -(All Other Larceny),2015-09-23 05:10,2015-09-23 08:55,,,,1,3,176,QUEENSGATE,600,23H-All Other Larceny,2015,9,23,2,266,08:55:00,8,__
159019599,VEHICULAR VANDALISM,2909-09 (290) -VEHICULAR VANDALISM,2015-07-25 19:30,2015-07-25 21:15,,,,4,3,365,AVONDALE,1400,,2015,7,25,5,206,21:15:00,21,__
169028007,AGGRAVATED VEHICULAR HOMICIDE VEHICULAR HOMICIDE VEHICULAR MANSLAUGHTER,2903-06 (90Z) -AGGRAVATED VEHICULAR HOMICIDE VEHICULAR HOMICIDE VEHICULAR MANSLAUGHTER,2016-07-14 10:53,2016-07-14 10:53,,,,1,3,214,QUEENSGATE,150,,2016,7,14,3,196,10:53:00,10,__
169017302,THEFT -(All Other Larceny),2913-02 (23H) -THEFT -(All Other Larceny),2015-04-01 00:00,2016-07-12 09:00,6400,6499,Beechmont Av,2,,,-,600,23H-All Other Larceny,2016,7,12,1,194,09:00:00,9,6400_6499_Beechmont Av
149025287,AGGRAVATED ROBBERY,2911-01 (120) -AGGRAVATED ROBBERY,2014-10-05 02:10,2014-10-05 02:21,,,,5,1,332,CLIFTON/UNIVERSITY HEIGHTS,303,,2014,10,5,6,278,02:21:00,2,__
149011767,THEFT -(Theft From Building),2913-02 (23D) -THEFT -(Theft From Building),2014-05-10 12:00,2014-05-21 21:00,5900,5999,SEILER DR,Other,,GRTP,-,600,23D-Theft From Building,2014,5,21,2,141,21:00:00,21,5900_5999_SEILER DR
159014807,CRIMINAL DAMAGING/ENDANGERING,2909-06 (290) -CRIMINAL DAMAGING/ENDANGERING,2015-06-10 21:55,2015-06-10 22:39,,,,Central Business,1,39,MOUNT  ADAMS,1407,,2015,6,10,2,161,22:39:00,22,__
149005415,RAPE -(Simple Assault),2907-02 (13B) -RAPE -(Simple Assault),2014-03-01 19:00,2014-03-03 15:34,1600,1699,FLORA,Other,,,-,201,,2014,3,3,0,62,15:34:00,15,1600_1699_FLORA
169026637,THEFT -(All Other Larceny),2913-02 (23H) -THEFT -(All Other Larceny),2016-09-23 15:51,2016-10-12 00:00,900,999,W 8th,1,,,-,600,23H-All Other Larceny,2016,10,12,2,286,00:00:00,0,900_999_W 8th
159004494,RAPE -(Forcible Rape),2907-02 (11A) -RAPE -(Forcible Rape),2015-01-12 00:01,2015-01-18 15:00,,,,Other,,,-,201,,2015,1,18,6,18,15:00:00,15,__
149009228,IDENTITY FRAUD,2913-49 (26C) -IDENTITY FRAUD,2014-04-21 15:14,2014-04-21 15:14,11000,11099,REED HARTMAN HW,Other,,,-,1151,,2014,4,21,0,111,15:14:00,15,11000_11099_REED HARTMAN HW
159C000436.01,THEFT -(All Other Larceny),2913-02 (23H) -THEFT -(All Other Larceny),2015-09-02 00:00,2015-09-11 13:04,3800,3899,DINA TE,5,,,-,600,23H-All Other Larceny,2015,9,11,4,254,13:04:00,13,3800_3899_DINA TE
169027758,VEHICULAR VANDALISM,2909-09 (290) -VEHICULAR VANDALISM,2016-10-23 21:40,2016-10-23 22:45,,,,2,1,70,EVANSTON,1400,,2016,10,23,6,297,22:45:00,22,__
169006328,ASSAULT -(Simple Assault),2903-13 (13B) -ASSAULT -(Simple Assault),2016-03-18 12:45,2016-03-19 13:00,,,,3,5,394,S.. CUMMINSVILLE,810,,2016,3,19,5,79,13:00:00,13,__
169020470,CRIMINAL DAMAGING/ENDANGERING,2909-06 (290) -CRIMINAL DAMAGING/ENDANGERING,2016-08-11 14:26,2016-08-11 14:26,,,,4,2,66,WALNUT HILLS,1407,,2016,8,11,3,224,14:26:00,14,__
169031664,THEFT -(All Other Larceny),2913-02 (23H) -THEFT -(All Other Larceny),2016-12-03 19:00,2016-12-03 20:18,,,,OTHER,,,-,600,23H-All Other Larceny,2016,12,3,5,338,20:18:00,20,__
169031389,ASSAULT -(Simple Assault),2903-13 (13B) -ASSAULT -(Simple Assault),2016-11-30 16:30,2016-11-30 17:04,4900,4999,HAWAIIAN TE,5,,,-,810,,2016,11,30,2,335,17:04:00,17,4900_4999_HAWAIIAN TE
169004931,GROSS SEXUAL IMPOSITION,2907-05 (11D) -GROSS SEXUAL IMPOSITION,2016-02-16 14:30,2016-03-03 12:29,,,,1,3,214,QUEENSGATE,1704,,2016,3,3,3,63,12:29:00,12,__
159006627,ASSAULT -(Simple Assault),2903-13 (13B) -ASSAULT -(Simple Assault),2015-03-20 23:55,2015-03-21 00:35,,,,4,2,65,WALNUT HILLS,810,,2015,3,21,5,80,00:35:00,0,__
149020604,THEFT -(From Motor Vehicle),2913-02 (23F) -THEFT -(From Motor Vehicle),2014-08-19 18:00,2014-08-20 08:10,,,,5,1,316,FAIRVIEW,600,23F-Theft From Motor Vehicle,2014,8,20,2,232,08:10:00,8,__
169016358,VEHICULAR VANDALISM,2909-09 (290) -VEHICULAR VANDALISM,2016-07-04 12:26,2016-07-04 14:00,,,,4,6,446,CARTHAGE,1400,,2016,7,4,0,186,14:00:00,14,__
169022670,CRIMINAL DAMAGING/ENDANGERING,2909-06 (290) -CRIMINAL DAMAGING/ENDANGERING,2016-09-02 12:00,2016-09-02 12:14,,,,4,2,66,WALNUT HILLS,1407,,2016,9,2,4,246,12:14:00,12,__
169028031,CRIMINAL DAMAGING/ENDANGERING,2909-06 (290) -CRIMINAL DAMAGING/ENDANGERING,2016-10-26 15:30,2016-10-26 16:14,,,,Central Business,1,175,C. B. D. / RIVERFRONT,1407,,2016,10,26,2,300,16:14:00,16,__
169004232,CRIMINAL DAMAGING/ENDANGERING,2909-06 (290) -CRIMINAL DAMAGING/ENDANGERING,2016-02-22 18:30,2016-02-23 08:07,,,,5,3,395,NORTHSIDE,1407,,2016,2,23,1,54,08:07:00,8,__
149024684,BREAKING AND ENTERING,2911-13 (220) -BREAKING AND ENTERING,2014-09-28 23:00,2014-09-29 06:30,900,999,W NORTH BEND RD,5,,,-,552,,2014,9,29,0,272,06:30:00,6,900_999_W NORTH BEND RD
159022784,THEFT -(From Motor Vehicle),2913-02 (23F) -THEFT -(From Motor Vehicle),2015-08-22 17:00,2015-08-24 07:00,5400,5499,BOSWORTH PL,Other,,,-,600,23F-Theft From Motor Vehicle,2015,8,24,0,236,07:00:00,7,5400_5499_BOSWORTH PL
159013641,CRIMINAL DAMAGING/ENDANGERING,2909-06 (290) -CRIMINAL DAMAGING/ENDANGERING,2015-05-24 01:40,2015-05-29 16:40,,,,2,1,70,EVANSTON,1407,,2015,5,29,4,149,16:40:00,16,__
159033923,ASSAULT -(Simple Assault),2903-13 (13B) -ASSAULT -(Simple Assault),2015-12-19 02:25,2015-12-19 02:29,4800,4899,DELHI PK,OTHER,,,-,810,,2015,12,19,5,353,02:29:00,2,4800_4899_DELHI PK
159017483,THEFT -(All Other Larceny),2913-02 (23H) -THEFT -(All Other Larceny),2015-07-01 12:00,2015-07-06 16:00,6800,6899,BEECHMONT AV,Other,,,-,600,23H-All Other Larceny,2015,7,6,0,187,16:00:00,16,6800_6899_BEECHMONT AV
159000598,THEFT -(From Motor Vehicle),2913-02 (23F) -THEFT -(From Motor Vehicle),2015-01-08 12:30,2015-01-08 15:51,6900,6999,CAMBRIDGE AV,Other,,,-,600,23F-Theft From Motor Vehicle,2015,1,8,3,8,15:51:00,15,6900_6999_CAMBRIDGE AV
159022829,AGGRAVATED ROBBERY,2911-01 (120) -AGGRAVATED ROBBERY,2015-08-24 15:46,2015-08-24 15:46,,,,4,2,49,WALNUT HILLS,303,,2015,8,24,0,236,15:46:00,15,__
159008886,THEFT -(From Motor Vehicle),2913-02 (23F) -THEFT -(From Motor Vehicle),2015-04-10 15:30,2015-04-13 14:17,,,,1,1,39,MOUNT  ADAMS,600,23F-Theft From Motor Vehicle,2015,4,13,0,103,14:17:00,14,__
169032690,BREAKING AND ENTERING,2911-13 (220) -BREAKING AND ENTERING,2016-12-13 05:00,2016-12-14 00:43,,,,2,4,155,CALIFORNIA,552,,2016,12,14,2,349,00:43:00,0,__
149013400,BREAKING AND ENTERING,2911-13 (220) -BREAKING AND ENTERING,2014-05-30 16:00,2014-06-08 09:00,,,,5,4,,-,552,,2014,6,8,6,159,09:00:00,9,__
149026262,VEHICULAR VANDALISM,2909-09 (290) -VEHICULAR VANDALISM,2014-10-09 18:35,2014-10-15 14:14,,,,4,5,446,CARTHAGE,1400,,2014,10,15,2,288,14:14:00,14,__
169003827,AGGRAVATED VEHICULAR HOMICIDE VEHICULAR HOMICIDE VEHICULAR MANSLAUGHTER,2903-06 (90Z) -AGGRAVATED VEHICULAR HOMICIDE VEHICULAR HOMICIDE VEHICULAR MANSLAUGHTER,2016-02-17 03:01,2016-02-17 03:01,,,,4,2,66,WALNUT HILLS,150,,2016,2,17,2,48,03:01:00,3,__
149024749,UNAUTHORIZED USE OF MOTOR VEHICLE,2913-03 (90Z) -UNAUTHORIZED USE OF MOTOR VEHICLE,2014-02-07 15:00,2014-09-26 16:35,7900,7999,READING RD,Other,,,-,701,,2014,9,26,4,269,16:35:00,16,7900_7999_READING RD
169025312,THEFT -(All Other Larceny),2913-02 (23H) -THEFT -(All Other Larceny),2016-09-14 18:45,2016-09-28 10:05,,,,1,1,176,QUEENSGATE,600,23H-All Other Larceny,2016,9,28,2,272,10:05:00,10,__
159013373,THEFT -(All Other Larceny),2913-02 (23H) -THEFT -(All Other Larceny),2015-05-26 15:00,2015-05-27 08:30,1200,1299,OMNIPLEX DR,Other,,,-,600,23H-All Other Larceny,2015,5,27,2,147,08:30:00,8,1200_1299_OMNIPLEX DR
169024720,BREAKING AND ENTERING,2911-13 (220) -BREAKING AND ENTERING,2016-09-22 14:05,2016-09-22 14:09,4500,4599,SPRING GROVE,5,,413,Spring Grove Village,552,,2016,9,22,3,266,14:09:00,14,4500_4599_SPRING GROVE
159017477,CRIMINAL DAMAGING/ENDANGERING,2909-06 (290) -CRIMINAL DAMAGING/ENDANGERING,2015-07-06 19:05,2015-07-06 19:15,,,,1,3,176,QUEENSGATE,1407,,2015,7,6,0,187,19:15:00,19,__
169020322,CRIMINAL DAMAGING/ENDANGERING,2909-06 (290) -CRIMINAL DAMAGING/ENDANGERING,2016-08-09 13:25,2016-08-09 14:56,,,,4,6,449,CARTHAGE,1407,,2016,8,9,1,222,14:56:00,14,__
159021851,AGGRAVATED ROBBERY,2911-01 (120) -AGGRAVATED ROBBERY,2015-08-15 04:35,2015-08-15 11:35,,,,Central Business,1,2,C. B. D. / RIVERFRONT,303,,2015,8,15,5,227,11:35:00,11,__
159029175,IDENTITY FRAUD,2913-49 (26C) -IDENTITY FRAUD,2014-10-14 09:38,2015-10-24 14:45,6700,6799,KENWOOD RD,Other,,,-,1151,,2015,10,24,5,297,14:45:00,14,6700_6799_KENWOOD RD
159032936,TELECOMMUNICATIONS HARASSMENT,2917-21 (90Z) -TELECOMMUNICATIONS HARASSMENT,2015-11-27 09:35,2015-12-08 09:40,6700,6799,MONTGOMERY RD,OTHER,,,-,2430,,2015,12,8,1,342,09:40:00,9,6700_6799_MONTGOMERY RD
159023538,FELONIOUS ASSAULT -(Aggravated Assault),2903-11 (13A) -FELONIOUS ASSAULT -(Aggravated Assault),2015-08-30 23:45,2015-08-30 23:52,,,,1,3,176,QUEENSGATE,401,,2015,8,30,6,242,23:52:00,23,__
169009749,ASSAULT -(Simple Assault),2903-13 (13B) -ASSAULT -(Simple Assault),2016-04-25 06:15,2016-04-25 17:41,,,,4,5,446,CARTHAGE,810,,2016,4,25,0,116,17:41:00,17,__
159017941,ASSAULT -(Simple Assault),2903-13 (13B) -ASSAULT -(Simple Assault),2015-07-11 16:45,2015-07-11 16:50,2000,2099,LOSANTIVILLE AV,Other,,,-,810,,2015,7,11,5,192,16:50:00,16,2000_2099_LOSANTIVILLE AV
159006303,THEFT -(All Other Larceny),2913-02 (23H) -THEFT -(All Other Larceny),2015-03-11 09:29,2015-03-17 19:44,2200,2299,SLANE AV,Other,,,-,600,23H-All Other Larceny,2015,3,17,1,76,19:44:00,19,2200_2299_SLANE AV
159027632,THEFT -(Theft From Building),2913-02 (23D) -THEFT -(Theft From Building),2015-10-05 12:00,2015-10-07 16:24,5400,5499,BOSWORTH PL,Other,,,-,600,23D-Theft From Building,2015,10,7,2,280,16:24:00,16,5400_5499_BOSWORTH PL
159005947,ASSAULT -(Simple Assault),2903-13 (13B) -ASSAULT -(Simple Assault),2015-03-14 08:30,2015-03-14 09:30,2900,2999,BANNING,5,,,-,810,,2015,3,14,5,73,09:30:00,9,2900_2999_BANNING
149015732,ASSAULT -(Simple Assault),2903-13 (13B) -ASSAULT -(Simple Assault),2014-07-01 07:47,2014-07-01 07:55,,,,5,2,328,CAMP  WASHINGTON,810,,2014,7,1,1,182,07:55:00,7,__
169014343,VEHICULAR VANDALISM,2909-09 (290) -VEHICULAR VANDALISM,2016-06-14 20:00,2016-06-14 20:02,,,,5,3,395,NORTHSIDE,1400,,2016,6,14,1,166,20:02:00,20,__
159030067,CRIMINAL DAMAGING/ENDANGERING,2909-06 (290) -CRIMINAL DAMAGING/ENDANGERING,2015-11-04 07:00,2015-11-04 07:23,,,,2,2,131,OAKLEY,1407,,2015,11,4,2,308,07:23:00,7,__
169026173,FELONIOUS ASSAULT -(Aggravated Assault),2903-11 (13A) -FELONIOUS ASSAULT -(Aggravated Assault),2016-10-07 11:50,2016-10-07 14:00,,,,Central Business,1,175,C. B. D. / RIVERFRONT,401,,2016,10,7,4,281,14:00:00,14,__
149024510,THEFT -(All Other Larceny),2913-02 (23H) -THEFT -(All Other Larceny),2014-12-24 08:00,2014-12-24 15:48,2600,2699,MADISON RD,Other,,,-,600,23H-All Other Larceny,2014,12,24,2,358,15:48:00,15,2600_2699_MADISON RD
169033879,THEFT -(All Other Larceny),2913-02 (23H) -THEFT -(All Other Larceny),2016-02-16 12:00,2016-11-30 10:36,2700,2799,WERKASTLE LN,3,,,-,600,23H-All Other Larceny,2016,11,30,2,335,10:36:00,10,2700_2799_WERKASTLE LN
169018319,THEFT -(All Other Larceny),2913-02 (23H) -THEFT -(All Other Larceny),2016-07-20 21:00,2016-07-22 12:31,6300,6399,KINGS ISLAND DR,OTHER,,,-,600,23H-All Other Larceny,2016,7,22,4,204,12:31:00,12,6300_6399_KINGS ISLAND DR
149015334,ASSAULT -(Simple Assault),2903-13 (13B) -ASSAULT -(Simple Assault),2014-06-27 02:00,2014-06-27 03:10,,,,5,2,323,CAMP  WASHINGTON,810,,2014,6,27,4,178,03:10:00,3,__
159017529,CRIMINAL DAMAGING/ENDANGERING,2909-06 (290) -CRIMINAL DAMAGING/ENDANGERING,2015-07-06 20:30,2015-07-07 11:01,,,,1,3,176,QUEENSGATE,1407,,2015,7,7,1,188,11:01:00,11,__
159022767,FELONIOUS ASSAULT -(Aggravated Assault),2903-11 (13A) -FELONIOUS ASSAULT -(Aggravated Assault),2015-08-23 23:00,2015-08-23 23:23,,,,Central Business,1,2,C. B. D. / RIVERFRONT,401,,2015,8,23,6,235,23:23:00,23,__
149008683,THEFT -(All Other Larceny),2913-02 (23H) -THEFT -(All Other Larceny),2014-04-08 06:00,2014-04-18 12:51,5700,5799,SIDNEY,3,,,-,600,23H-All Other Larceny,2014,4,18,4,108,12:51:00,12,5700_5799_SIDNEY
159010393,RAPE -(Forcible Sodomy),2907-02 (11B) -RAPE -(Forcible Sodomy),2015-03-14 00:00,2015-04-27 08:00,7500,7599,ROSS AV,Other,,,-,201,,2015,4,27,0,117,08:00:00,8,7500_7599_ROSS AV
149032592,CRIMINAL DAMAGING/ENDANGERING,2909-06 (290) -CRIMINAL DAMAGING/ENDANGERING,2014-12-23 16:00,2014-12-23 16:57,,,,5,3,355,CLIFTON,1407,,2014,12,23,1,357,16:57:00,16,__
159008903,THEFT -(All Other Larceny),2913-02 (23H) -THEFT -(All Other Larceny),2015-04-10 19:14,2015-04-13 16:00,2600,2699,MADISON RD,Other,,,-,600,23H-All Other Larceny,2015,4,13,0,103,16:00:00,16,2600_2699_MADISON RD
169029754,VEHICULAR VANDALISM,2909-09 (290) -VEHICULAR VANDALISM,2016-11-13 17:20,2016-11-13 17:24,,,,2,1,70,EVANSTON,1400,,2016,11,13,6,318,17:24:00,17,__
169018999,BURGLARY,2911-12 (220) -BURGLARY,2016-07-27 21:00,2016-07-28 13:44,2700,2799,DIGBY,5,,,-,551,,2016,7,28,3,210,13:44:00,13,2700_2799_DIGBY
149024037,CRIMINAL DAMAGING/ENDANGERING,2909-06 (290) -CRIMINAL DAMAGING/ENDANGERING,2014-09-19 17:00,2014-09-22 16:10,,,,5,2,342,CLIFTON,1407,,2014,9,22,0,265,16:10:00,16,__
159033769,THEFT -(Theft From Building),2913-02 (23D) -THEFT -(Theft From Building),2015-12-16 11:31,2015-12-17 15:02,6500,6599,RIDGE CR,OTHER,,,-,600,23D-Theft From Building,2015,12,17,3,351,15:02:00,15,6500_6599_RIDGE CR
169006923,AGGRAVATED MENACING,2903-21 (13C) -AGGRAVATED MENACING,2016-03-25 17:50,2016-03-25 21:25,,,,5,2,323,CAMP  WASHINGTON,802,,2016,3,25,4,85,21:25:00,21,__
149018365,CRIMINAL DAMAGING/ENDANGERING,2909-06 (290) -CRIMINAL DAMAGING/ENDANGERING,2014-07-28 21:45,2014-07-28 21:50,,,,4,2,66,WALNUT HILLS,1407,,2014,7,28,0,209,21:50:00,21,__
169027031,CRIMINAL DAMAGING/ENDANGERING,2909-06 (290) -CRIMINAL DAMAGING/ENDANGERING,2016-10-16 13:30,2016-10-16 14:05,,,,4,6,175,C. B. D. / RIVERFRONT,1407,,2016,10,16,6,290,14:05:00,14,__
169028826,IDENTITY FRAUD,2913-49 (26C) -IDENTITY FRAUD,2016-10-29 12:00,2016-11-03 16:08,4800,4899,VINE ST,1,,,-,1151,,2016,11,3,3,308,16:08:00,16,4800_4899_VINE ST
169020817,THEFT -(All Other Larceny),2913-02 (23H) -THEFT -(All Other Larceny),2016-08-15 04:00,2016-08-15 04:06,,,,5,3,395,NORTHSIDE,600,23H-All Other Larceny,2016,8,15,0,228,04:06:00,4,__
169001246,THEFT -(All Other Larceny),2913-02 (23H) -THEFT -(All Other Larceny),2016-01-11 08:42,2016-01-15 14:06,,,,4,5,467,BONDHILL,600,23H-All Other Larceny,2016,1,15,4,15,14:06:00,14,__
159018862,AGGRAVATED VEHICULAR ASSAULT VEHICULAR ASSAULT,2903-08 (13A) -AGGRAVATED VEHICULAR ASSAULT VEHICULAR ASSAULT,2015-03-21 13:01,2015-03-21 13:01,,,,1,3,211,WEST  END,413,,2015,3,21,5,80,13:01:00,13,__
149011813,THEFT -(Theft From Building),2913-02 (23D) -THEFT -(Theft From Building),2013-05-27 12:00,2014-05-22 11:00,4900,4999,FOREST AV,Other,,,-,600,23D-Theft From Building,2014,5,22,3,142,11:00:00,11,4900_4999_FOREST AV
159016028,Failure to Comply with Order or Signal of P-O-_ elude or flee,2921-331B (90Z) -Failure to Comply with Order or Signal of P-O-_ elude or flee,2015-06-22 13:31,2015-06-22 14:50,,,,2,1,70,EVANSTON,850,,2015,6,22,0,173,14:50:00,14,__
169011005,RAPE -(Forcible Rape),2907-02 (11A) -RAPE -(Forcible Rape),2015-05-01 22:00,2016-05-03 15:00,0,99,APACHE,OTHER,,,-,201,,2016,5,3,1,124,15:00:00,15,0_99_APACHE
159019093,FELONIOUS ASSAULT -(Aggravated Assault),2903-11 (13A) -FELONIOUS ASSAULT -(Aggravated Assault),2015-07-18 16:00,2015-07-21 18:00,,,,4,5,466,BONDHILL,401,,2015,7,21,1,202,18:00:00,18,__
149004654,CRIMINAL DAMAGING/ENDANGERING,2909-06 (290) -CRIMINAL DAMAGING/ENDANGERING,2014-03-04 15:20,2014-03-04 17:08,,,,1,3,178,QUEENSGATE,1407,,2014,3,4,1,63,17:08:00,17,__
149018053,VIOLATE PROTECTION ORDER OR CONSENT AGREEMENT,2919-27 (90Z) -VIOLATE PROTECTION ORDER OR CONSENT AGREEMENT,2014-07-25 13:20,2014-07-25 16:39,1,100,E LAKESHORE DR,Other,,,-,2709,,2014,7,25,4,206,16:39:00,16,1_100_E LAKESHORE DR
149024188,AGGRAVATED MENACING,2903-21 (13C) -AGGRAVATED MENACING,2014-09-22 09:00,2014-09-23 20:00,6000,6099,MURRAY AV,Other,,,-,802,,2014,9,23,1,266,20:00:00,20,6000_6099_MURRAY AV
159012006,FELONIOUS ASSAULT -(Aggravated Assault),2903-11 (13A) -FELONIOUS ASSAULT -(Aggravated Assault),2015-05-13 18:10,2015-05-13 18:51,,,,1,3,176,QUEENSGATE,401,,2015,5,13,2,133,18:51:00,18,__
169033551,AGGRAVATED MENACING,2903-21 (13C) -AGGRAVATED MENACING,2016-12-23 16:30,2016-12-23 16:40,,,,4,5,466,BONDHILL,802,,2016,12,23,4,358,16:40:00,16,__
149001020,THEFT -(All Other Larceny),2913-02 (23H) -THEFT -(All Other Larceny),2014-01-01 00:00,2014-01-15 13:20,,,,Central Business,1,1,C. B. D. / RIVERFRONT,600,23H-All Other Larceny,2014,1,15,2,15,13:20:00,13,__
159029084,THEFT -(All Other Larceny),2913-02 (23H) -THEFT -(All Other Larceny),2015-10-05 13:00,2015-10-23 12:45,3900,3999,E GATEWOOD LN,Other,,,-,600,23H-All Other Larceny,2015,10,23,4,296,12:45:00,12,3900_3999_E GATEWOOD LN
159012204,CRIMINAL DAMAGING/ENDANGERING,2909-06 (290) -CRIMINAL DAMAGING/ENDANGERING,2015-05-15 19:30,2015-05-15 21:28,5900,5999,STEWART RD,Other,,,-,1407,,2015,5,15,4,135,21:28:00,21,5900_5999_STEWART RD
169004489,IDENTITY FRAUD,2913-49 (26C) -IDENTITY FRAUD,2016-02-15 12:00,2016-02-26 15:17,300,399,FOUR MILE RD,OTHER,,,-,1151,,2016,2,26,4,57,15:17:00,15,300_399_FOUR MILE RD
159016700,VEHICULAR VANDALISM,2909-09 (290) -VEHICULAR VANDALISM,2015-06-27 12:30,2015-06-29 10:51,,,,4,6,449,CARTHAGE,1400,,2015,6,29,0,180,10:51:00,10,__
169031027,MURDER -(Aggravated Assault),2903-02 (13A) -MURDER -(Aggravated Assault),2016-11-27 02:49,2016-11-27 02:50,7800,7899,DAWN RD,OTHER,5,484,ROSELAWN,105,,2016,11,27,6,332,02:50:00,2,7800_7899_DAWN RD
149003750,CRIMINAL DAMAGING/ENDANGERING,2909-06 (290) -CRIMINAL DAMAGING/ENDANGERING,2014-02-20 15:50,2014-02-20 17:18,,,,2,1,72,EVANSTON,1407,,2014,2,20,3,51,17:18:00,17,__
149031271,THEFT -(Theft From Building),2913-02 (23D) -THEFT -(Theft From Building),2014-09-30 09:00,2014-12-09 00:00,,,,5,2,347,CLIFTON,600,23D-Theft From Building,2014,12,9,1,343,00:00:00,0,__
159025922,THEFT -(All Other Larceny),2913-02 (23H) -THEFT -(All Other Larceny),2015-09-21 18:00,2015-09-21 20:20,1400,1499,W KEMPER RD,Other,,,-,600,23H-All Other Larceny,2015,9,21,0,264,20:20:00,20,1400_1499_W KEMPER RD
159025030,AGGRAVATED MENACING,2903-21 (13C) -AGGRAVATED MENACING,2015-09-13 02:00,2015-09-13 02:46,,,,2,1,72,EVANSTON,802,,2015,9,13,6,256,02:46:00,2,__
149010836,THEFT -(From Motor Vehicle),2913-02 (23F) -THEFT -(From Motor Vehicle),2014-05-11 19:30,2014-05-12 14:41,,,,4,5,477,ROSELAWN,600,23F-Theft From Motor Vehicle,2014,5,12,0,132,14:41:00,14,__
159016159,AGGRAVATED MENACING,2903-21 (13C) -AGGRAVATED MENACING,2015-06-23 17:40,2015-06-23 18:10,,,,4,5,476,BONDHILL,802,,2015,6,23,1,174,18:10:00,18,__
159007844,IDENTITY FRAUD,2913-49 (26C) -IDENTITY FRAUD,2015-01-07 00:00,2015-04-02 17:00,1900,1999,CHAUCER DR,Other,,,-,1151,,2015,4,2,3,92,17:00:00,17,1900_1999_CHAUCER DR
159020152,VEHICULAR VANDALISM,2909-09 (290) -VEHICULAR VANDALISM,2015-07-30 18:00,2015-07-30 18:05,,,,4,2,43,WALNUT HILLS,1400,,2015,7,30,3,211,18:05:00,18,__
169014983,FELONIOUS ASSAULT -(Simple Assault),2903-11 (13B) -FELONIOUS ASSAULT -(Simple Assault),2016-06-15 18:38,2016-06-17 09:00,1100,1199,SETON,3,,,-,401,,2016,6,17,4,169,09:00:00,9,1100_1199_SETON
159016096,MENACING,2903-22 (13C) -MENACING,2015-06-22 00:05,2015-06-22 00:07,,,,Central Business,1,10,C. B. D. / RIVERFRONT,2483,,2015,6,22,0,173,00:07:00,0,__
169023596,THEFT -(All Other Larceny),2913-02 (23H) -THEFT -(All Other Larceny),2016-09-11 10:25,2016-09-11 18:00,,,,5,3,409,Spring Grove Village,600,23H-All Other Larceny,2016,9,11,6,255,18:00:00,18,__
159032469,THEFT -(Motor Vehicle),2913-02 (24O) -THEFT -(Motor Vehicle),2015-11-30 13:00,2015-12-02 14:30,,,,4,5,466,BONDHILL,600,24O-Motor Vehicle Theft,2015,12,2,2,336,14:30:00,14,__
159001164,BREAKING AND ENTERING,2911-13 (220) -BREAKING AND ENTERING,2014-12-14 10:42,2015-01-15 10:43,3500,3599,KENOAK LN,Other,,,-,552,,2015,1,15,3,15,10:43:00,10,3500_3599_KENOAK LN
149000566,BURGLARY,2911-12 (220) -BURGLARY,2014-01-09 09:30,2014-01-09 14:33,1500,1599,BLAIR AV,2,,69,EVANSTON,551,,2014,1,9,3,9,14:33:00,14,1500_1599_BLAIR AV
169029878,MURDER -(Willful Killing),2903-02 (09A) -MURDER -(Willful Killing),2016-11-14 18:45,2016-11-14 18:45,2800,2899,vine,4,,,-,105,,2016,11,14,0,319,18:45:00,18,2800_2899_vine
149011850,CRIMINAL DAMAGING/ENDANGERING,2909-06 (290) -CRIMINAL DAMAGING/ENDANGERING,2014-05-21 14:28,2014-05-22 15:30,,,,5,2,176,QUEENSGATE,1407,,2014,5,22,3,142,15:30:00,15,__
159000102,CRIMINAL DAMAGING/ENDANGERING,2909-06 (290) -CRIMINAL DAMAGING/ENDANGERING,2015-01-01 00:00,2015-01-02 13:00,,,,5,4,427,MOUNT AIRY,1407,,2015,1,2,4,2,13:00:00,13,__
169026865,THEFT -(Motor Vehicle),2913-02 (24O) -THEFT -(Motor Vehicle),2016-10-13 22:30,2016-10-14 14:30,1500,1599,QUEEN CITY,3,,,-,600,24O-Motor Vehicle Theft,2016,10,14,4,288,14:30:00,14,1500_1599_QUEEN CITY
149002430,THEFT -(From Motor Vehicle),2913-02 (23F) -THEFT -(From Motor Vehicle),2014-02-01 13:00,2014-02-01 15:54,,,,1,1,40,MOUNT  ADAMS,600,23F-Theft From Motor Vehicle,2014,2,1,5,32,15:54:00,15,__
169020211,ASSAULT -(Simple Assault),2903-13 (13B) -ASSAULT -(Simple Assault),2016-08-04 17:35,2016-08-04 21:00,,,,2,1,72,EVANSTON,810,,2016,8,4,3,217,21:00:00,21,__
159022951,ROBBERY,2911-02 (120) -ROBBERY,2015-08-24 14:30,2015-08-25 12:23,,,,4,2,49,WALNUT HILLS,301,,2015,8,25,1,237,12:23:00,12,__
149005606,CRIMINAL DAMAGING/ENDANGERING,2909-06 (290) -CRIMINAL DAMAGING/ENDANGERING,2014-03-15 16:00,2014-03-15 16:16,,,,4,2,65,WALNUT HILLS,1407,,2014,3,15,5,74,16:16:00,16,__
169000481,FAILURE TO COMPLY WITH ORDER OR SIGNAL OF P-O-_ elude or flee,2921-331B (90Z) -FAILURE TO COMPLY WITH ORDER OR SIGNAL OF P-O-_ elude or flee,,2016-01-06 18:20,3600,3699,VICTORY PY,2,1,70,EVANSTON,850,,2016,1,6,2,6,18:20:00,18,3600_3699_VICTORY PY
159006374,THEFT -(All Other Larceny),2913-02 (23H) -THEFT -(All Other Larceny),2015-03-14 10:36,2015-03-18 15:35,4400,4499,ASHLAND AV,Other,,,-,600,23H-All Other Larceny,2015,3,18,2,77,15:35:00,15,4400_4499_ASHLAND AV
159030741,TELECOMMUNICATIONS FRAUD,2913-05 (26A) -TELECOMMUNICATIONS FRAUD,2015-11-10 09:00,2015-11-11 20:14,6200,6299,MAYFLOWER AV,Other,,,-,1108,,2015,11,11,2,315,20:14:00,20,6200_6299_MAYFLOWER AV
149011962.1,Assault _ knowingly harm victim (Simple Assault),2903-13A (13B) -Assault _ knowingly harm victim (Simple Assault),2014-05-23 06:15,2014-05-23 07:00,900,999,EZZARD CHARLES DR,1,,,-,812,,2014,5,23,4,143,07:00:00,7,900_999_EZZARD CHARLES DR
149025721,CRIMINAL DAMAGING/ENDANGERING,2909-06 (290) -CRIMINAL DAMAGING/ENDANGERING,2014-10-09 17:25,2014-10-09 18:33,,,,4,6,446,CARTHAGE,1407,,2014,10,9,3,282,18:33:00,18,__
149018590,THEFT -(All Other Larceny),2913-02 (23H) -THEFT -(All Other Larceny),2014-07-30 00:01,2014-07-30 10:00,,,,5,2,347,CLIFTON,600,23H-All Other Larceny,2014,7,30,2,211,10:00:00,10,__
159007940,IDENTITY FRAUD,2913-49 (26C) -IDENTITY FRAUD,2015-04-03 16:30,2015-04-03 16:30,6400,6499,CLOUGH PI,Other,,,-,1151,,2015,4,3,4,93,16:30:00,16,6400_6499_CLOUGH PI
149027778,IDENTITY FRAUD,2913-49 (26C) -IDENTITY FRAUD,2014-10-15 08:00,2014-10-30 13:40,6700,6799,CAMBRIDGE AV,Other,,,-,1151,,2014,10,30,3,303,13:40:00,13,6700_6799_CAMBRIDGE AV
159014130,THEFT -(All Other Larceny),2913-02 (23H) -THEFT -(All Other Larceny),2015-06-03 11:00,2015-06-03 20:35,1200,1299,WOODLAND AV,Other,,,-,600,23H-All Other Larceny,2015,6,3,2,154,20:35:00,20,1200_1299_WOODLAND AV
159005948,THEFT -(All Other Larceny),2913-02 (23H) -THEFT -(All Other Larceny),2015-03-14 08:30,2015-03-14 08:58,2900,2999,BANNING,5,,,-,600,23H-All Other Larceny,2015,3,14,5,73,08:58:00,8,2900_2999_BANNING
169021324,THEFT -(Motor Vehicle),2913-02 (24O) -THEFT -(Motor Vehicle),2016-08-19 23:00,2016-08-20 10:30,,,,5,3,353,NORTHSIDE,600,24O-Motor Vehicle Theft,2016,8,20,5,233,10:30:00,10,__
169007793,CRIMINAL DAMAGING/ENDANGERING,2909-06 (290) -CRIMINAL DAMAGING/ENDANGERING,2016-04-04 15:50,2016-04-04 16:22,,,,5,2,323,CAMP  WASHINGTON,1407,,2016,4,4,0,95,16:22:00,16,__
169012768,DOMESTIC VIOLENCE -(Simple Assault),2919-25 (13B) -DOMESTIC VIOLENCE -(Simple Assault),2016-05-28 22:00,2016-05-28 22:15,,,,5,1,,-,862,,2016,5,28,5,149,22:15:00,22,__
159027337,CRIMINAL DAMAGING/ENDANGERING,2909-06 (290) -CRIMINAL DAMAGING/ENDANGERING,2015-10-04 14:40,2015-10-04 15:12,,,,2,3,147,MADISONVILLE,1407,,2015,10,4,6,277,15:12:00,15,__
149011244,THEFT -(Shoplifting),2913-02 (23C) -THEFT -(Shoplifting),2014-05-16 12:30,2014-05-16 12:50,,,,2,2,132,OAKLEY,600,23C-Shoplifting,2014,5,16,4,136,12:50:00,12,__
149014224,DOMESTIC VIOLENCE -(Simple Assault),2919-25 (13B) -DOMESTIC VIOLENCE -(Simple Assault),2014-06-11 23:00,2014-06-11 23:50,,,,4,2,65,WALNUT HILLS,862,,2014,6,11,2,162,23:50:00,23,__
169015113,RAPE -(Simple Assault),2907-02 (13B) -RAPE -(Simple Assault),2011-04-01 00:00,2015-11-18 16:00,1000,1099,MCPHERSON,3,,,-,201,,2015,11,18,2,322,16:00:00,16,1000_1099_MCPHERSON
169020409,THEFT -(All Other Larceny),2913-02 (23H) -THEFT -(All Other Larceny),2016-08-10 17:00,2016-08-11 06:54,,,,Central Business,1,175,C. B. D. / RIVERFRONT,600,23H-All Other Larceny,2016,8,11,3,224,06:54:00,6,__
159019585,DOMESTIC VIOLENCE -(Simple Assault),2919-25 (13B) -DOMESTIC VIOLENCE -(Simple Assault),2015-07-25 18:00,2015-07-25 19:50,5200,5299,MONTGOMERY RD,Other,,,-,862,,2015,7,25,5,206,19:50:00,19,5200_5299_MONTGOMERY RD
Copy of 149006423.01,AGGRAVATED MENACING,2903-21 (13C) -AGGRAVATED MENACING,2014-03-25 13:47,2014-03-25 16:00,1800,1899,RACE,1,,,-,802,,2014,3,25,1,84,16:00:00,16,1800_1899_RACE
159022921,THEFT -(Theft From Building),2913-02 (23D) -THEFT -(Theft From Building),2015-08-19 08:00,2015-08-25 08:40,8600,8699,VINEYARD HILLS DR,Other,,,-,600,23D-Theft From Building,2015,8,25,1,237,08:40:00,8,8600_8699_VINEYARD HILLS DR
169024035,RAPE -(Forcible Sodomy),2907-02 (11B) -RAPE -(Forcible Sodomy),2016-09-13 19:30,2016-09-15 15:22,5600,5699,EBERSOLE AV,OTHER,,,-,201,,2016,9,15,3,259,15:22:00,15,5600_5699_EBERSOLE AV
159030433,AGGRAVATED MENACING,2903-21 (13C) -AGGRAVATED MENACING,2015-11-08 18:41,2015-11-08 18:41,,,,Central Business,1,175,C. B. D. / RIVERFRONT,802,,2015,11,8,6,312,18:41:00,18,__
149029112,THEFT -(From Motor Vehicle),2913-02 (23F) -THEFT -(From Motor Vehicle),2014-11-13 12:15,2014-11-13 15:20,1700,1799,MENTOR AV,Other,,,-,600,23F-Theft From Motor Vehicle,2014,11,13,3,317,15:20:00,15,1700_1799_MENTOR AV
159031332,THEFT -(Theft From Building),2913-02 (23D) -THEFT -(Theft From Building),2015-11-18 15:30,2015-11-18 21:04,2400,2499,BANNING RD,5,,,-,600,23D-Theft From Building,2015,11,18,2,322,21:04:00,21,2400_2499_BANNING RD
149009569,THEFT OF LICENSE PLATE,2913-02 (24I) -THEFT OF LICENSE PLATE,2014-04-27 11:00,2014-04-29 11:00,,,,5,2,323,CAMP  WASHINGTON,600,24I-Theft Of License Plate,2014,4,29,1,119,11:00:00,11,__
149000291,IDENTITY FRAUD,2913-49 (26C) -IDENTITY FRAUD,2014-01-01 10:00,2014-01-04 08:33,7800,7899,MONTGOMERY RD,3,,,-,1151,,2014,1,4,5,4,08:33:00,8,7800_7899_MONTGOMERY RD
149032342,DOMESTIC VIOLENCE -(Simple Assault),2919-25 (13B) -DOMESTIC VIOLENCE -(Simple Assault),2014-12-20 20:00,2014-12-20 21:37,,,,5,3,395,NORTHSIDE,862,,2014,12,20,5,354,21:37:00,21,__
149010409,IDENTITY FRAUD,2913-49 (26C) -IDENTITY FRAUD,2014-05-07 10:00,2014-05-07 13:54,5200,5299,DELHI,3,,,-,1151,,2014,5,7,2,127,13:54:00,13,5200_5299_DELHI
169014612,FELONIOUS ASSAULT -(Simple Assault),2903-11 (13B) -FELONIOUS ASSAULT -(Simple Assault),2016-06-17 10:05,2016-06-17 10:08,,,,4,5,477,ROSELAWN,401,,2016,6,17,4,169,10:08:00,10,__
169023617,CRIMINAL DAMAGING/ENDANGERING,2909-06 (290) -CRIMINAL DAMAGING/ENDANGERING,2016-09-11 22:00,2016-09-11 22:13,,,,4,6,67,O'BRYONVILLE,1407,,2016,9,11,6,255,22:13:00,22,__
159032024,THEFT -(Shoplifting),2913-02 (23C) -THEFT -(Shoplifting),2015-11-27 05:50,2015-11-27 06:02,,,,2,2,132,OAKLEY,600,23C-Shoplifting,2015,11,27,4,331,06:02:00,6,__
169022886,CRIMINAL DAMAGING/ENDANGERING,2909-06 (290) -CRIMINAL DAMAGING/ENDANGERING,2016-09-04 16:00,2016-09-04 16:06,,,,1,3,175,C. B. D. / RIVERFRONT,1407,,2016,9,4,6,248,16:06:00,16,__
159017986,ASSAULT -(Simple Assault),2903-13 (13B) -ASSAULT -(Simple Assault),2015-07-12 00:25,2015-07-12 00:29,,,,5,2,323,CAMP  WASHINGTON,810,,2015,7,12,6,193,00:29:00,0,__
169007483,THEFT -(Motor Vehicle),2913-02 (24O) -THEFT -(Motor Vehicle),2016-03-31 10:00,2016-03-31 15:32,1200,1299,SUNSET AV,3,,253,WEST PRICE HILL,600,24O-Motor Vehicle Theft,2016,3,31,3,91,15:32:00,15,1200_1299_SUNSET AV
149005606,FELONIOUS ASSAULT -(Aggravated Assault),2903-11 (13A) -FELONIOUS ASSAULT -(Aggravated Assault),2014-03-15 16:00,2014-03-15 16:16,,,,4,2,65,WALNUT HILLS,401,,2014,3,15,5,74,16:16:00,16,__
149019271,THEFT -(All Other Larceny),2913-02 (23H) -THEFT -(All Other Larceny),2014-08-06 13:15,2014-08-07 09:38,,,,5,2,347,CLIFTON,600,23H-All Other Larceny,2014,8,7,3,219,09:38:00,9,__
169024607,FELONIOUS ASSAULT -(Simple Assault),2903-11 (13B) -FELONIOUS ASSAULT -(Simple Assault),2016-09-25 01:20,2016-09-26 12:05,,,,Central Business,1,79,C. B. D. / RIVERFRONT,401,,2016,9,26,0,270,12:05:00,12,__
159024795,DOMESTIC VIOLENCE -(Simple Assault),2919-25 (13B) -DOMESTIC VIOLENCE -(Simple Assault),2015-09-11 09:30,2015-09-11 09:45,,,,4,2,66,WALNUT HILLS,862,,2015,9,11,4,254,09:45:00,9,__
149007098,CRIMINAL DAMAGING/ENDANGERING,2909-06 (290) -CRIMINAL DAMAGING/ENDANGERING,2014-04-18 20:00,2014-04-18 20:19,,,,1,3,200,WEST  END,1407,,2014,4,18,4,108,20:19:00,20,__
149015208,WIRE FRAUD,2913-00 (26E) -WIRE FRAUD,2014-05-28 09:00,2014-06-25 21:30,2300,2399,LOSANTIVILLE AV,Other,,,-,1108,,2014,6,25,2,176,21:30:00,21,2300_2399_LOSANTIVILLE AV
159012578,VEHICULAR VANDALISM,2909-09 (290) -VEHICULAR VANDALISM,2015-05-23 20:30,2015-05-23 20:35,,,,1,1,175,C. B. D. / RIVERFRONT,1400,,2015,5,23,5,143,20:35:00,20,__
149015203,VEHICULAR VANDALISM,2909-09 (290) -VEHICULAR VANDALISM,2014-06-25 19:19,2014-06-25 19:23,,,,4,2,50,WALNUT HILLS,1400,,2014,6,25,2,176,19:23:00,19,__
149015203,FELONIOUS ASSAULT -(Aggravated Assault),2903-11 (13A) -FELONIOUS ASSAULT -(Aggravated Assault),2014-06-25 19:19,2014-06-25 19:23,,,,4,2,50,WALNUT HILLS,401,,2014,6,25,2,176,19:23:00,19,__
149016643,THEFT -(Motor Vehicle),2913-02 (24O) -THEFT -(Motor Vehicle),2014-07-10 20:00,2014-07-10 23:31,,,,4,5,466,BONDHILL,600,24O-Motor Vehicle Theft,2014,7,10,3,191,23:31:00,23,__
159025077,THEFT -(From Motor Vehicle),2913-02 (23F) -THEFT -(From Motor Vehicle),2015-09-14 12:15,2015-09-14 12:26,,,,4,5,477,ROSELAWN,600,23F-Theft From Motor Vehicle,2015,9,14,0,257,12:26:00,12,__
159027980,THEFT -(All Other Larceny),2913-02 (23H) -THEFT -(All Other Larceny),2015-10-10 17:00,2015-10-11 09:30,,,,5,4,427,MOUNT AIRY,600,23H-All Other Larceny,2015,10,11,6,284,09:30:00,9,__
159030761,THEFT -(Theft From Building),2913-02 (23D) -THEFT -(Theft From Building),2015-11-11 21:30,2015-11-11 23:00,6900,6999,HURD AV,Other,,,-,600,23D-Theft From Building,2015,11,11,2,315,23:00:00,23,6900_6999_HURD AV
169018633,THEFT -(From Motor Vehicle),2913-02 (23F) -THEFT -(From Motor Vehicle),2016-07-19 16:00,2016-07-25 10:38,,,,1,3,211,WEST  END,600,23F-Theft From Motor Vehicle,2016,7,25,0,207,10:38:00,10,__
149029737,IDENTITY FRAUD,2913-49 (26C) -IDENTITY FRAUD,2010-09-01 00:01,2014-11-21 08:30,9300,9399,PIPPIN RD,Other,,,-,1151,,2014,11,21,4,325,08:30:00,8,9300_9399_PIPPIN RD
149016392,IDENTITY FRAUD,2913-49 (26C) -IDENTITY FRAUD,2014-01-01 08:00,2014-07-08 16:06,3300,3399,DONALD AV,Other,,,-,1151,,2014,7,8,1,189,16:06:00,16,3300_3399_DONALD AV
169031441,ENDANGERING CHILDREN,2919-22 (13A) -ENDANGERING CHILDREN,2016-11-24 15:20,2016-11-24 16:00,,,,3,,,-,2024,,2016,11,24,3,329,16:00:00,16,__
169033693,DOMESTIC VIOLENCE -(Simple Assault),2919-25 (13B) -DOMESTIC VIOLENCE -(Simple Assault),2016-12-24 22:18,2016-12-24 22:45,,,,5,2,,-,862,,2016,12,24,5,359,22:45:00,22,__
169031027,AGGRAVATED ROBBERY,2911-01 (120) -AGGRAVATED ROBBERY,2016-11-27 02:49,2016-11-27 02:50,7800,7899,DAWN RD,OTHER,5,484,ROSELAWN,303,,2016,11,27,6,332,02:50:00,2,7800_7899_DAWN RD
169034205,THEFT -(From Motor Vehicle),2913-02 (23F) -THEFT -(From Motor Vehicle),2016-12-29 23:00,2016-12-30 09:52,,,,1,3,200,WEST  END,600,23F-Theft From Motor Vehicle,2016,12,30,4,365,09:52:00,9,__
169007421,RAPE -(Simple Assault),2907-02 (13B) -RAPE -(Simple Assault),2016-03-30 14:50,2016-03-30 15:44,1,100,ANDERSON FERRY RD,OTHER,1,263,RIVERSIDE,201,,2016,3,30,2,90,15:44:00,15,1_100_ANDERSON FERRY RD
169033454,PASSING BAD CHECKS,2913-11 (90A) -PASSING BAD CHECKS,2016-12-01 17:00,2016-12-22 18:00,400,499,WATERBURY,3,,,-,1120,,2016,12,22,3,357,18:00:00,18,400_499_WATERBURY
